id,sex,weight,height,bmi
1,M,190,77,22.52825096980941
2,F,120,70,17.216326530612243
3,F,110,68,16.72361591695502
4,M,150,72,20.341435185185187
5,O,120,66,19.366391184573004
6,M,120,60,23.433333333333334
7,F,140,70,20.085714285714285
